<?xml version="1.0" encoding="UTF-8"?>
<feed xmlns="http://www.w3.org/2005/Atom">
 <id>urn:iweb:99F30CD7-C496-4E47-8E4F-9F0EEE789722</id>
 <title>Page list Atom feed</title>
 <updated>2011-12-20T16:16:31-06:00</updated>
 <link rel="self" href="feed.xml"/>
 <generator>iWeb</generator>
 <author>
  <name>iWeb</name>
 </author>
 <entry>
  <id>urn:iweb:C5A21EF9-CAD3-4CFA-9C38-EE86CB0FCEFA</id>
  <title>Home</title>
  <title xmlns="urn:iweb:">Home</title>
  <in-navbar xmlns="urn:iweb:">C5A21EF9-CAD3-4CFA-9C38-EE86CB0FCEFA</in-navbar>
  <link rel="alternate" href="Home.html"/>
  <updated>2011-12-20T16:16:31.001-06:00</updated>
  <content>Home</content>
 </entry>
 <entry>
  <id>urn:iweb:279210C7-0F3B-4068-8E65-B927F2B222E5</id>
  <title>2012 Symposium</title>
  <title xmlns="urn:iweb:">2012 Symposium</title>
  <in-navbar xmlns="urn:iweb:">279210C7-0F3B-4068-8E65-B927F2B222E5</in-navbar>
  <link rel="alternate" href="2012_Symposium.html"/>
  <updated>2011-12-20T16:16:31.002-06:00</updated>
  <content>2012 Symposium</content>
 </entry>
 <entry>
  <id>urn:iweb:E4EEEADC-217B-4680-A401-701FA8E8C531</id>
  <title>Register</title>
  <title xmlns="urn:iweb:">Register</title>
  <in-navbar xmlns="urn:iweb:">E4EEEADC-217B-4680-A401-701FA8E8C531</in-navbar>
  <link rel="alternate" href="Register.html"/>
  <updated>2011-12-20T16:16:31.003-06:00</updated>
  <content>Register</content>
 </entry>
 <entry>
  <id>urn:iweb:44EB7784-E426-4C3A-B2C2-877B379CC427</id>
  <title>Previous Symposia</title>
  <title xmlns="urn:iweb:">Previous Symposia</title>
  <in-navbar xmlns="urn:iweb:">44EB7784-E426-4C3A-B2C2-877B379CC427</in-navbar>
  <link rel="alternate" href="Previous_Symposia.html"/>
  <updated>2011-12-20T16:16:31.004-06:00</updated>
  <content>Previous Symposia</content>
 </entry>
 <entry>
  <id>urn:iweb:79D574F8-E19A-436B-8E81-2F7B4C5808EB</id>
  <title>Advisory Board</title>
  <title xmlns="urn:iweb:">Advisory Board</title>
  <in-navbar xmlns="urn:iweb:">79D574F8-E19A-436B-8E81-2F7B4C5808EB</in-navbar>
  <link rel="alternate" href="Advisory_Board.html"/>
  <updated>2011-12-20T16:16:31.005-06:00</updated>
  <content>Advisory Board</content>
 </entry>
 <entry>
  <id>urn:iweb:CEB55D97-623A-48ED-AD82-05E048A86766</id>
  <title>Contact</title>
  <title xmlns="urn:iweb:">Contact</title>
  <in-navbar xmlns="urn:iweb:">CEB55D97-623A-48ED-AD82-05E048A86766</in-navbar>
  <link rel="alternate" href="Contact.html"/>
  <updated>2011-12-20T16:16:31.006-06:00</updated>
  <content>Contact</content>
 </entry>
</feed>